WHENEVER SQLERROR EXIT FAILURE

insert into CONTENT_PROVIDER_NAME(NAME) values('ELIB');
insert into CONTENT_PROVIDER_NAME(NAME) values('ELIBU');

insert into CONTENT_PROVIDER(id, NAME, CREATED_DATE, MODIFIED_DATE) VALUES(1, 'ELIB', sysdate, sysdate);
insert into CONTENT_PROVIDER(id, NAME, CREATED_DATE, MODIFIED_DATE) VALUES(2, 'ELIBU', sysdate, sysdate);

insert into CONTENT_DISPOSITION(CONTENT_DISPOSITION) VALUES('DOWNLOADABLE');
insert into CONTENT_DISPOSITION(CONTENT_DISPOSITION) VALUES('STREAMING');

insert into CONTENT_P_FORMAT_LANGUAGE(LANGUAGE) VALUES('da');
insert into CONTENT_P_FORMAT_LANGUAGE(LANGUAGE) VALUES('en');
insert into CONTENT_P_FORMAT_LANGUAGE(LANGUAGE) VALUES('fi');
insert into CONTENT_P_FORMAT_LANGUAGE(LANGUAGE) VALUES('pl');
insert into CONTENT_P_FORMAT_LANGUAGE(LANGUAGE) VALUES('sv');

insert into CONTENT_P_FORMAT_DECORATION (ID,CONTENT_DISPOSITION,FORMAT_ID,CONTENT_PROVIDER_ID,PLAYER_WIDTH,PLAYER_HEIGHT, CREATED_DATE, MODIFIED_DATE) VALUES (3,'DOWNLOADABLE','1',1,600,215, sysdate, sysdate);
insert into CONTENT_P_FORMAT_DECORATION (ID,CONTENT_DISPOSITION,FORMAT_ID,CONTENT_PROVIDER_ID,PLAYER_WIDTH,PLAYER_HEIGHT, CREATED_DATE, MODIFIED_DATE) VALUES (4,'DOWNLOADABLE','2',1,600,215, sysdate, sysdate);
insert into CONTENT_P_FORMAT_DECORATION (ID,CONTENT_DISPOSITION,FORMAT_ID,CONTENT_PROVIDER_ID,PLAYER_WIDTH,PLAYER_HEIGHT, CREATED_DATE, MODIFIED_DATE) VALUES (5,'DOWNLOADABLE','3',1,600,215, sysdate, sysdate);
insert into CONTENT_P_FORMAT_DECORATION (ID,CONTENT_DISPOSITION,FORMAT_ID,CONTENT_PROVIDER_ID,PLAYER_WIDTH,PLAYER_HEIGHT, CREATED_DATE, MODIFIED_DATE) VALUES (6,'DOWNLOADABLE','4',1,600,215, sysdate, sysdate);
insert into CONTENT_P_FORMAT_DECORATION (ID,CONTENT_DISPOSITION,FORMAT_ID,CONTENT_PROVIDER_ID,PLAYER_WIDTH,PLAYER_HEIGHT, CREATED_DATE, MODIFIED_DATE) VALUES (1001,'STREAMING','901',2,388,164, sysdate, sysdate);
insert into CONTENT_P_FORMAT_DECORATION (ID,CONTENT_DISPOSITION,FORMAT_ID,CONTENT_PROVIDER_ID,PLAYER_WIDTH,PLAYER_HEIGHT, CREATED_DATE, MODIFIED_DATE) VALUES (1002,'STREAMING','902',2,320,240, sysdate, sysdate);
insert into CONTENT_P_FORMAT_DECORATION (ID,CONTENT_DISPOSITION,FORMAT_ID,CONTENT_PROVIDER_ID,PLAYER_WIDTH,PLAYER_HEIGHT, CREATED_DATE, MODIFIED_DATE) VALUES (1003,'STREAMING','1001',2,0,0, sysdate, sysdate);
insert into CONTENT_P_FORMAT_DECORATION (ID,CONTENT_DISPOSITION,FORMAT_ID,CONTENT_PROVIDER_ID,PLAYER_WIDTH,PLAYER_HEIGHT, CREATED_DATE, MODIFIED_DATE) VALUES (1004,'STREAMING','1002',2,0,0, sysdate, sysdate);
insert into CONTENT_P_FORMAT_DECORATION (ID,CONTENT_DISPOSITION,FORMAT_ID,CONTENT_PROVIDER_ID,PLAYER_WIDTH,PLAYER_HEIGHT, CREATED_DATE, MODIFIED_DATE) VALUES (7,'DOWNLOADABLE','5',1,600,215, sysdate, sysdate);
insert into CONTENT_P_FORMAT_DECORATION (ID,CONTENT_DISPOSITION,FORMAT_ID,CONTENT_PROVIDER_ID,PLAYER_WIDTH,PLAYER_HEIGHT, CREATED_DATE, MODIFIED_DATE) VALUES (8,'DOWNLOADABLE','7',1,600,215, sysdate, sysdate);
insert into CONTENT_P_FORMAT_DECORATION (ID,CONTENT_DISPOSITION,FORMAT_ID,CONTENT_PROVIDER_ID,PLAYER_WIDTH,PLAYER_HEIGHT, CREATED_DATE, MODIFIED_DATE) VALUES (9,'DOWNLOADABLE','8',1,600,215, sysdate, sysdate);
insert into CONTENT_P_FORMAT_DECORATION (ID,CONTENT_DISPOSITION,FORMAT_ID,CONTENT_PROVIDER_ID,PLAYER_WIDTH,PLAYER_HEIGHT, CREATED_DATE, MODIFIED_DATE) VALUES (10,'DOWNLOADABLE','9',1,600,215, sysdate, sysdate);
insert into CONTENT_P_FORMAT_DECORATION (ID,CONTENT_DISPOSITION,FORMAT_ID,CONTENT_PROVIDER_ID,PLAYER_WIDTH,PLAYER_HEIGHT, CREATED_DATE, MODIFIED_DATE) VALUES (11,'DOWNLOADABLE','10',1,600,215, sysdate, sysdate);
insert into CONTENT_P_FORMAT_DECORATION (ID,CONTENT_DISPOSITION,FORMAT_ID,CONTENT_PROVIDER_ID,PLAYER_WIDTH,PLAYER_HEIGHT, CREATED_DATE, MODIFIED_DATE) VALUES (12,'DOWNLOADABLE','20',1,600,215, sysdate, sysdate);
insert into CONTENT_P_FORMAT_DECORATION (ID,CONTENT_DISPOSITION,FORMAT_ID,CONTENT_PROVIDER_ID,PLAYER_WIDTH,PLAYER_HEIGHT, CREATED_DATE, MODIFIED_DATE) VALUES (13,'DOWNLOADABLE','21',1,600,215, sysdate, sysdate);
insert into CONTENT_P_FORMAT_DECORATION (ID,CONTENT_DISPOSITION,FORMAT_ID,CONTENT_PROVIDER_ID,PLAYER_WIDTH,PLAYER_HEIGHT, CREATED_DATE, MODIFIED_DATE) VALUES (14,'DOWNLOADABLE','23',1,600,215, sysdate, sysdate);
insert into CONTENT_P_FORMAT_DECORATION (ID,CONTENT_DISPOSITION,FORMAT_ID,CONTENT_PROVIDER_ID,PLAYER_WIDTH,PLAYER_HEIGHT, CREATED_DATE, MODIFIED_DATE) VALUES (15,'DOWNLOADABLE','24',1,600,215, sysdate, sysdate);
insert into CONTENT_P_FORMAT_DECORATION (ID,CONTENT_DISPOSITION,FORMAT_ID,CONTENT_PROVIDER_ID,PLAYER_WIDTH,PLAYER_HEIGHT, CREATED_DATE, MODIFIED_DATE) VALUES (16,'DOWNLOADABLE','25',1,600,215, sysdate, sysdate);
insert into CONTENT_P_FORMAT_DECORATION (ID,CONTENT_DISPOSITION,FORMAT_ID,CONTENT_PROVIDER_ID,PLAYER_WIDTH,PLAYER_HEIGHT, CREATED_DATE, MODIFIED_DATE) VALUES (17,'DOWNLOADABLE','26',1,600,215, sysdate, sysdate);
insert into CONTENT_P_FORMAT_DECORATION (ID,CONTENT_DISPOSITION,FORMAT_ID,CONTENT_PROVIDER_ID,PLAYER_WIDTH,PLAYER_HEIGHT, CREATED_DATE, MODIFIED_DATE) VALUES (18,'DOWNLOADABLE','50',1,600,215, sysdate, sysdate);
insert into CONTENT_P_FORMAT_DECORATION (ID,CONTENT_DISPOSITION,FORMAT_ID,CONTENT_PROVIDER_ID,PLAYER_WIDTH,PLAYER_HEIGHT, CREATED_DATE, MODIFIED_DATE) VALUES (19,'DOWNLOADABLE','51',1,600,215, sysdate, sysdate);
insert into CONTENT_P_FORMAT_DECORATION (ID,CONTENT_DISPOSITION,FORMAT_ID,CONTENT_PROVIDER_ID,PLAYER_WIDTH,PLAYER_HEIGHT, CREATED_DATE, MODIFIED_DATE) VALUES (20,'DOWNLOADABLE','54',1,600,215, sysdate, sysdate);
insert into CONTENT_P_FORMAT_DECORATION (ID,CONTENT_DISPOSITION,FORMAT_ID,CONTENT_PROVIDER_ID,PLAYER_WIDTH,PLAYER_HEIGHT, CREATED_DATE, MODIFIED_DATE) VALUES (21,'DOWNLOADABLE','56',1,600,215, sysdate, sysdate);
insert into CONTENT_P_FORMAT_DECORATION (ID,CONTENT_DISPOSITION,FORMAT_ID,CONTENT_PROVIDER_ID,PLAYER_WIDTH,PLAYER_HEIGHT, CREATED_DATE, MODIFIED_DATE) VALUES (23,'DOWNLOADABLE','61',1,600,215, sysdate, sysdate);
insert into CONTENT_P_FORMAT_DECORATION (ID,CONTENT_DISPOSITION,FORMAT_ID,CONTENT_PROVIDER_ID,PLAYER_WIDTH,PLAYER_HEIGHT, CREATED_DATE, MODIFIED_DATE) VALUES (22,'DOWNLOADABLE','60',1,600,215, sysdate, sysdate);
insert into CONTENT_P_FORMAT_DECORATION (ID,CONTENT_DISPOSITION,FORMAT_ID,CONTENT_PROVIDER_ID,PLAYER_WIDTH,PLAYER_HEIGHT, CREATED_DATE, MODIFIED_DATE) VALUES (24,'STREAMING','70',1,600,215, sysdate, sysdate);
insert into CONTENT_P_FORMAT_DECORATION (ID,CONTENT_DISPOSITION,FORMAT_ID,CONTENT_PROVIDER_ID,PLAYER_WIDTH,PLAYER_HEIGHT, CREATED_DATE, MODIFIED_DATE) VALUES (25,'STREAMING','72',1,600,215, sysdate, sysdate);
insert into CONTENT_P_FORMAT_DECORATION (ID,CONTENT_DISPOSITION,FORMAT_ID,CONTENT_PROVIDER_ID,PLAYER_WIDTH,PLAYER_HEIGHT, CREATED_DATE, MODIFIED_DATE) VALUES (26,'DOWNLOADABLE','73',1,600,215, sysdate, sysdate);
insert into CONTENT_P_FORMAT_DECORATION (ID,CONTENT_DISPOSITION,FORMAT_ID,CONTENT_PROVIDER_ID,PLAYER_WIDTH,PLAYER_HEIGHT, CREATED_DATE, MODIFIED_DATE) VALUES (27,'DOWNLOADABLE','74',1,600,215, sysdate, sysdate);
insert into CONTENT_P_FORMAT_DECORATION (ID,CONTENT_DISPOSITION,FORMAT_ID,CONTENT_PROVIDER_ID,PLAYER_WIDTH,PLAYER_HEIGHT, CREATED_DATE, MODIFIED_DATE) VALUES (28,'DOWNLOADABLE','75',1,600,215, sysdate, sysdate);
insert into CONTENT_P_FORMAT_DECORATION (ID,CONTENT_DISPOSITION,FORMAT_ID,CONTENT_PROVIDER_ID,PLAYER_WIDTH,PLAYER_HEIGHT, CREATED_DATE, MODIFIED_DATE) VALUES (29,'DOWNLOADABLE','150',1,600,215, sysdate, sysdate);
insert into CONTENT_P_FORMAT_DECORATION (ID,CONTENT_DISPOSITION,FORMAT_ID,CONTENT_PROVIDER_ID,PLAYER_WIDTH,PLAYER_HEIGHT, CREATED_DATE, MODIFIED_DATE) VALUES (1,'DOWNLOADABLE','58',1,600,215, sysdate, sysdate);
insert into CONTENT_P_FORMAT_DECORATION (ID,CONTENT_DISPOSITION,FORMAT_ID,CONTENT_PROVIDER_ID,PLAYER_WIDTH,PLAYER_HEIGHT, CREATED_DATE, MODIFIED_DATE) VALUES (2,'STREAMING','71',1,600,215, sysdate, sysdate);

insert into CONTENT_P_FORMAT_TEXT_BUNDLE (ID,DESCRIPTION,LANGUAGE,NAME,CONTENT_P_FORMAT_DECORATION_ID, CREATED_DATE, MODIFIED_DATE) VALUES (1001,'E-audiobook in streaming Flash. The format works on Windows, Mac and Linux operating systems.','en','Audiobook (Flash)',1001, sysdate, sysdate);
insert into CONTENT_P_FORMAT_TEXT_BUNDLE (ID,DESCRIPTION,LANGUAGE,NAME,CONTENT_P_FORMAT_DECORATION_ID, CREATED_DATE, MODIFIED_DATE) VALUES (1002,'E-ljudbok i formatet Flash. Formatet fungerar på operativsystemen Windows, Mac och Linux.','sv','Ljudbok (Flash)',1001, sysdate, sysdate);
insert into CONTENT_P_FORMAT_TEXT_BUNDLE (ID,DESCRIPTION,LANGUAGE,NAME,CONTENT_P_FORMAT_DECORATION_ID, CREATED_DATE, MODIFIED_DATE) VALUES (2001,'E-audiobook in streaming HTTP. Streaming to devices supporting Apple HTTP Live Streaming, for example iPhones, iPads and iPods or devices with the Android opertating system.','en','Audiobook (HLS)',1002, sysdate, sysdate);
insert into CONTENT_P_FORMAT_TEXT_BUNDLE (ID,DESCRIPTION,LANGUAGE,NAME,CONTENT_P_FORMAT_DECORATION_ID, CREATED_DATE, MODIFIED_DATE) VALUES (2002,'E-ljudbok i formatet HTTP. Formatet fungerar på enheter som har stöd för Apple HTTP Live Streaming, exempelvis iPhones, iPads and iPods, eller enheter med Android som operativsystem','sv','Ljudbok (HLS)',1002, sysdate, sysdate);
insert into CONTENT_P_FORMAT_TEXT_BUNDLE (ID,DESCRIPTION,LANGUAGE,NAME,CONTENT_P_FORMAT_DECORATION_ID, CREATED_DATE, MODIFIED_DATE) VALUES (3001,'E-book in EPUB. The format works on most computers, tablets and mobile phones. You must have an account with Adobe, or create it in the next step.','en','E-book (EPUB)',1003, sysdate, sysdate);
insert into CONTENT_P_FORMAT_TEXT_BUNDLE (ID,DESCRIPTION,LANGUAGE,NAME,CONTENT_P_FORMAT_DECORATION_ID, CREATED_DATE, MODIFIED_DATE) VALUES (3002,'E-bok i formatet EPUB. Formatet kan låsas på de flesta datorer, läsplattor och mobiltelefoner. Du måste ha ett konto hos Adobe, eller så kan du skapa det i nästa steg.','sv','E-bok (EPUB)',1003, sysdate, sysdate);
insert into CONTENT_P_FORMAT_TEXT_BUNDLE (ID,DESCRIPTION,LANGUAGE,NAME,CONTENT_P_FORMAT_DECORATION_ID, CREATED_DATE, MODIFIED_DATE) VALUES (4001,'E-book in PDF. The format is designed for a screen that is at least 10 inches. You must have an account with Adobe or create it in the next step.','en','E-book (PDF)',1004, sysdate, sysdate);
insert into CONTENT_P_FORMAT_TEXT_BUNDLE (ID,DESCRIPTION,LANGUAGE,NAME,CONTENT_P_FORMAT_DECORATION_ID, CREATED_DATE, MODIFIED_DATE) VALUES (4002,'E-bok i formatet PDF. Formatet är anpassat för en skärm som är minst 10 tum. Du måste ha ett konto hos Adobe eller skapa det i nästa steg.','sv','E-bok (PDF)',1004, sysdate, sysdate);

insert into EHUB_CONSUMER_PROPERTY_KEY(PROPERTY_KEY) VALUES('ARENA_PALMA_URL');
insert into EHUB_CONSUMER_PROPERTY_KEY(PROPERTY_KEY) VALUES('ARENA_AGENCY_M_IDENTIFIER');

insert into CONTENT_PROVIDER_PROPERTY_KEY(PROPERTY_KEY) VALUES('PRODUCT_URL');
insert into CONTENT_PROVIDER_PROPERTY_KEY(PROPERTY_KEY) VALUES('CREATE_LOAN_URL');
insert into CONTENT_PROVIDER_PROPERTY_KEY(PROPERTY_KEY) VALUES('ORDER_LIST_URL');
insert into CONTENT_PROVIDER_PROPERTY_KEY(PROPERTY_KEY) VALUES('CONSUME_LICENSE_URL');

insert into CONTENT_P_CONSUMER_P_KEY(PROPERTY_KEY) VALUES('ELIB_RETAILER_ID');
insert into CONTENT_P_CONSUMER_P_KEY(PROPERTY_KEY) VALUES('ELIB_RETAILER_KEY');
insert into CONTENT_P_CONSUMER_P_KEY(PROPERTY_KEY) VALUES('ELIBU_SERVICE_ID');
insert into CONTENT_P_CONSUMER_P_KEY(PROPERTY_KEY) VALUES('ELIBU_SERVICE_KEY');
insert into CONTENT_P_CONSUMER_P_KEY(PROPERTY_KEY) VALUES('SUBSCRIPTION_ID');

insert into CONTENT_PROVIDER_PROPERTY (CONTENT_PROVIDER_ID, PROPERTY_KEY, PROPERTY_VALUE) VALUES (1, 'PRODUCT_URL', 'https://www.elib.se/webservices/GetProduct.asmx/GetProduct');
insert into CONTENT_PROVIDER_PROPERTY (CONTENT_PROVIDER_ID, PROPERTY_KEY, PROPERTY_VALUE) VALUES (1, 'CREATE_LOAN_URL', 'https://www.elib.se/webservices/createloan.asmx/CreateLoan');
insert into CONTENT_PROVIDER_PROPERTY (CONTENT_PROVIDER_ID, PROPERTY_KEY, PROPERTY_VALUE) VALUES (1, 'ORDER_LIST_URL', 'https://www.elib.se/webservices/getlibraryuserorderlist.asmx/GetLibraryUserOrderList');

insert into CONTENT_PROVIDER_PROPERTY (CONTENT_PROVIDER_ID, PROPERTY_KEY, PROPERTY_VALUE) VALUES (2, 'PRODUCT_URL', 'https://webservices.elib.se/elibu/v1.0/products');
insert into CONTENT_PROVIDER_PROPERTY (CONTENT_PROVIDER_ID, PROPERTY_KEY, PROPERTY_VALUE) VALUES (2, 'CONSUME_LICENSE_URL', 'https://webservices.elib.se/elibu/v1.0/licenses');

-- Admin user with password !gogetit1
insert into EHUB_ADMIN_USER (ID, NAME, SALT, PASSWORD, CREATED_DATE, MODIFIED_DATE) VALUES (1, 'admin', '4223126763863898', '9WHZhWaKsSgik7E+Mq9xYIXSqEM=', sysdate, sysdate);

