insert into CONTENT_PROVIDER_NAME(NAME) values('ELIB');
insert into CONTENT_PROVIDER_NAME(NAME) values('ELIBU');

insert into CONTENT_PROVIDER(id, NAME) values(1, 'ELIB');
insert into CONTENT_PROVIDER(id, NAME) values(2, 'ELIBU');

insert into CONTENT_DISPOSITION(CONTENT_DISPOSITION) values('DOWNLOADABLE');
insert into CONTENT_DISPOSITION(CONTENT_DISPOSITION) values('STREAMING');

insert into CONTENT_P_FORMAT_LANGUAGE(LANGUAGE) values('da');
insert into CONTENT_P_FORMAT_LANGUAGE(LANGUAGE) values('en');
insert into CONTENT_P_FORMAT_LANGUAGE(LANGUAGE) values('fi');
insert into CONTENT_P_FORMAT_LANGUAGE(LANGUAGE) values('pl');
insert into CONTENT_P_FORMAT_LANGUAGE(LANGUAGE) values('sv');

insert into CONTENT_P_FORMAT_DECORATION (ID,CONTENT_DISPOSITION,FORMAT_ID,CONTENT_PROVIDER_ID,PLAYER_WIDTH,PLAYER_HEIGHT) values (3,'DOWNLOADABLE','1',1,600,215);
insert into CONTENT_P_FORMAT_DECORATION (ID,CONTENT_DISPOSITION,FORMAT_ID,CONTENT_PROVIDER_ID,PLAYER_WIDTH,PLAYER_HEIGHT) values (4,'DOWNLOADABLE','2',1,600,215);
insert into CONTENT_P_FORMAT_DECORATION (ID,CONTENT_DISPOSITION,FORMAT_ID,CONTENT_PROVIDER_ID,PLAYER_WIDTH,PLAYER_HEIGHT) values (5,'DOWNLOADABLE','3',1,600,215);
insert into CONTENT_P_FORMAT_DECORATION (ID,CONTENT_DISPOSITION,FORMAT_ID,CONTENT_PROVIDER_ID,PLAYER_WIDTH,PLAYER_HEIGHT) values (6,'DOWNLOADABLE','4',1,600,215);
insert into CONTENT_P_FORMAT_DECORATION (ID,CONTENT_DISPOSITION,FORMAT_ID,CONTENT_PROVIDER_ID,PLAYER_WIDTH,PLAYER_HEIGHT) values (1001,'STREAMING','901',2,388,164);
insert into CONTENT_P_FORMAT_DECORATION (ID,CONTENT_DISPOSITION,FORMAT_ID,CONTENT_PROVIDER_ID,PLAYER_WIDTH,PLAYER_HEIGHT) values (1002,'STREAMING','902',2,320,240);
insert into CONTENT_P_FORMAT_DECORATION (ID,CONTENT_DISPOSITION,FORMAT_ID,CONTENT_PROVIDER_ID,PLAYER_WIDTH,PLAYER_HEIGHT) values (1003,'STREAMING','1001',2,0,0);
insert into CONTENT_P_FORMAT_DECORATION (ID,CONTENT_DISPOSITION,FORMAT_ID,CONTENT_PROVIDER_ID,PLAYER_WIDTH,PLAYER_HEIGHT) values (1004,'STREAMING','1002',2,0,0);
insert into CONTENT_P_FORMAT_DECORATION (ID,CONTENT_DISPOSITION,FORMAT_ID,CONTENT_PROVIDER_ID,PLAYER_WIDTH,PLAYER_HEIGHT) values (7,'DOWNLOADABLE','5',1,600,215);
insert into CONTENT_P_FORMAT_DECORATION (ID,CONTENT_DISPOSITION,FORMAT_ID,CONTENT_PROVIDER_ID,PLAYER_WIDTH,PLAYER_HEIGHT) values (8,'DOWNLOADABLE','7',1,600,215);
insert into CONTENT_P_FORMAT_DECORATION (ID,CONTENT_DISPOSITION,FORMAT_ID,CONTENT_PROVIDER_ID,PLAYER_WIDTH,PLAYER_HEIGHT) values (9,'DOWNLOADABLE','8',1,600,215);
insert into CONTENT_P_FORMAT_DECORATION (ID,CONTENT_DISPOSITION,FORMAT_ID,CONTENT_PROVIDER_ID,PLAYER_WIDTH,PLAYER_HEIGHT) values (10,'DOWNLOADABLE','9',1,600,215);
insert into CONTENT_P_FORMAT_DECORATION (ID,CONTENT_DISPOSITION,FORMAT_ID,CONTENT_PROVIDER_ID,PLAYER_WIDTH,PLAYER_HEIGHT) values (11,'DOWNLOADABLE','10',1,600,215);
insert into CONTENT_P_FORMAT_DECORATION (ID,CONTENT_DISPOSITION,FORMAT_ID,CONTENT_PROVIDER_ID,PLAYER_WIDTH,PLAYER_HEIGHT) values (12,'DOWNLOADABLE','20',1,600,215);
insert into CONTENT_P_FORMAT_DECORATION (ID,CONTENT_DISPOSITION,FORMAT_ID,CONTENT_PROVIDER_ID,PLAYER_WIDTH,PLAYER_HEIGHT) values (13,'DOWNLOADABLE','21',1,600,215);
insert into CONTENT_P_FORMAT_DECORATION (ID,CONTENT_DISPOSITION,FORMAT_ID,CONTENT_PROVIDER_ID,PLAYER_WIDTH,PLAYER_HEIGHT) values (14,'DOWNLOADABLE','23',1,600,215);
insert into CONTENT_P_FORMAT_DECORATION (ID,CONTENT_DISPOSITION,FORMAT_ID,CONTENT_PROVIDER_ID,PLAYER_WIDTH,PLAYER_HEIGHT) values (15,'DOWNLOADABLE','24',1,600,215);
insert into CONTENT_P_FORMAT_DECORATION (ID,CONTENT_DISPOSITION,FORMAT_ID,CONTENT_PROVIDER_ID,PLAYER_WIDTH,PLAYER_HEIGHT) values (16,'DOWNLOADABLE','25',1,600,215);
insert into CONTENT_P_FORMAT_DECORATION (ID,CONTENT_DISPOSITION,FORMAT_ID,CONTENT_PROVIDER_ID,PLAYER_WIDTH,PLAYER_HEIGHT) values (17,'DOWNLOADABLE','26',1,600,215);
insert into CONTENT_P_FORMAT_DECORATION (ID,CONTENT_DISPOSITION,FORMAT_ID,CONTENT_PROVIDER_ID,PLAYER_WIDTH,PLAYER_HEIGHT) values (18,'DOWNLOADABLE','50',1,600,215);
insert into CONTENT_P_FORMAT_DECORATION (ID,CONTENT_DISPOSITION,FORMAT_ID,CONTENT_PROVIDER_ID,PLAYER_WIDTH,PLAYER_HEIGHT) values (19,'DOWNLOADABLE','51',1,600,215);
insert into CONTENT_P_FORMAT_DECORATION (ID,CONTENT_DISPOSITION,FORMAT_ID,CONTENT_PROVIDER_ID,PLAYER_WIDTH,PLAYER_HEIGHT) values (20,'DOWNLOADABLE','54',1,600,215);
insert into CONTENT_P_FORMAT_DECORATION (ID,CONTENT_DISPOSITION,FORMAT_ID,CONTENT_PROVIDER_ID,PLAYER_WIDTH,PLAYER_HEIGHT) values (21,'DOWNLOADABLE','56',1,600,215);
insert into CONTENT_P_FORMAT_DECORATION (ID,CONTENT_DISPOSITION,FORMAT_ID,CONTENT_PROVIDER_ID,PLAYER_WIDTH,PLAYER_HEIGHT) values (23,'DOWNLOADABLE','61',1,600,215);
insert into CONTENT_P_FORMAT_DECORATION (ID,CONTENT_DISPOSITION,FORMAT_ID,CONTENT_PROVIDER_ID,PLAYER_WIDTH,PLAYER_HEIGHT) values (22,'DOWNLOADABLE','60',1,600,215);
insert into CONTENT_P_FORMAT_DECORATION (ID,CONTENT_DISPOSITION,FORMAT_ID,CONTENT_PROVIDER_ID,PLAYER_WIDTH,PLAYER_HEIGHT) values (24,'STREAMING','70',1,600,215);
insert into CONTENT_P_FORMAT_DECORATION (ID,CONTENT_DISPOSITION,FORMAT_ID,CONTENT_PROVIDER_ID,PLAYER_WIDTH,PLAYER_HEIGHT) values (25,'STREAMING','72',1,600,215);
insert into CONTENT_P_FORMAT_DECORATION (ID,CONTENT_DISPOSITION,FORMAT_ID,CONTENT_PROVIDER_ID,PLAYER_WIDTH,PLAYER_HEIGHT) values (26,'DOWNLOADABLE','73',1,600,215);
insert into CONTENT_P_FORMAT_DECORATION (ID,CONTENT_DISPOSITION,FORMAT_ID,CONTENT_PROVIDER_ID,PLAYER_WIDTH,PLAYER_HEIGHT) values (27,'DOWNLOADABLE','74',1,600,215);
insert into CONTENT_P_FORMAT_DECORATION (ID,CONTENT_DISPOSITION,FORMAT_ID,CONTENT_PROVIDER_ID,PLAYER_WIDTH,PLAYER_HEIGHT) values (28,'DOWNLOADABLE','75',1,600,215);
insert into CONTENT_P_FORMAT_DECORATION (ID,CONTENT_DISPOSITION,FORMAT_ID,CONTENT_PROVIDER_ID,PLAYER_WIDTH,PLAYER_HEIGHT) values (29,'DOWNLOADABLE','150',1,600,215);
insert into CONTENT_P_FORMAT_DECORATION (ID,CONTENT_DISPOSITION,FORMAT_ID,CONTENT_PROVIDER_ID,PLAYER_WIDTH,PLAYER_HEIGHT) values (1,'DOWNLOADABLE','58',1,600,215);
insert into CONTENT_P_FORMAT_DECORATION (ID,CONTENT_DISPOSITION,FORMAT_ID,CONTENT_PROVIDER_ID,PLAYER_WIDTH,PLAYER_HEIGHT) values (2,'STREAMING','71',1,600,215);

insert into CONTENT_P_FORMAT_TEXT_BUNDLE (ID,DESCRIPTION,LANGUAGE,NAME,CONTENT_P_FORMAT_DECORATION_ID) values (1001,'E-audiobook in streaming Flash. The format works on Windows, Mac and Linux operating systems.','en','Audiobook (Flash)',1001);
insert into CONTENT_P_FORMAT_TEXT_BUNDLE (ID,DESCRIPTION,LANGUAGE,NAME,CONTENT_P_FORMAT_DECORATION_ID) values (1002,'E-ljudbok i formatet Flash. Formatet fungerar på operativsystemen Windows, Mac och Linux.','sv','Ljudbok (Flash)',1001);
insert into CONTENT_P_FORMAT_TEXT_BUNDLE (ID,DESCRIPTION,LANGUAGE,NAME,CONTENT_P_FORMAT_DECORATION_ID) values (2001,'E-audiobook in streaming HTTP. Streaming to devices supporting Apple HTTP Live Streaming, for example iPhones, iPads and iPods or devices with the Android opertating system.','en','Audiobook (HLS)',1002);
insert into CONTENT_P_FORMAT_TEXT_BUNDLE (ID,DESCRIPTION,LANGUAGE,NAME,CONTENT_P_FORMAT_DECORATION_ID) values (2002,'E-ljudbok i formatet HTTP. Formatet fungerar på enheter som har stöd för Apple HTTP Live Streaming, exempelvis iPhones, iPads and iPods, eller enheter med Android som operativsystem','sv','Ljudbok (HLS)',1002);
insert into CONTENT_P_FORMAT_TEXT_BUNDLE (ID,DESCRIPTION,LANGUAGE,NAME,CONTENT_P_FORMAT_DECORATION_ID) values (3001,'E-book in EPUB. The format works on most computers, tablets and mobile phones. You must have an account with Adobe, or create it in the next step.','en','E-book (EPUB)',1003);
insert into CONTENT_P_FORMAT_TEXT_BUNDLE (ID,DESCRIPTION,LANGUAGE,NAME,CONTENT_P_FORMAT_DECORATION_ID) values (3002,'E-bok i formatet EPUB. Formatet kan låsas på de flesta datorer, läsplattor och mobiltelefoner. Du måste ha ett konto hos Adobe, eller så kan du skapa det i nästa steg.','sv','E-bok (EPUB)',1003);
insert into CONTENT_P_FORMAT_TEXT_BUNDLE (ID,DESCRIPTION,LANGUAGE,NAME,CONTENT_P_FORMAT_DECORATION_ID) values (4001,'E-book in PDF. The format is designed for a screen that is at least 10 inches. You must have an account with Adobe or create it in the next step.','en','E-book (PDF)',1004);
insert into CONTENT_P_FORMAT_TEXT_BUNDLE (ID,DESCRIPTION,LANGUAGE,NAME,CONTENT_P_FORMAT_DECORATION_ID) values (4002,'E-bok i formatet PDF. Formatet är anpassat för en skärm som är minst 10 tum. Du måste ha ett konto hos Adobe eller skapa det i nästa steg.','sv','E-bok (PDF)',1004);

insert into EHUB_CONSUMER_PROPERTY_KEY(PROPERTY_KEY) values('ARENA_PALMA_URL');
insert into EHUB_CONSUMER_PROPERTY_KEY(PROPERTY_KEY) values('ARENA_AGENCY_M_IDENTIFIER');

insert into CONTENT_PROVIDER_PROPERTY_KEY(PROPERTY_KEY) values('PRODUCT_URL');
insert into CONTENT_PROVIDER_PROPERTY_KEY(PROPERTY_KEY) values('CREATE_LOAN_URL');
insert into CONTENT_PROVIDER_PROPERTY_KEY(PROPERTY_KEY) values('ORDER_LIST_URL');
insert into CONTENT_PROVIDER_PROPERTY_KEY(PROPERTY_KEY) values('CONSUME_LICENSE_URL');

insert into CONTENT_P_CONSUMER_P_KEY(PROPERTY_KEY) values('ELIB_RETAILER_ID');
insert into CONTENT_P_CONSUMER_P_KEY(PROPERTY_KEY) values('ELIB_RETAILER_KEY');
insert into CONTENT_P_CONSUMER_P_KEY(PROPERTY_KEY) values('ELIBU_SERVICE_ID');
insert into CONTENT_P_CONSUMER_P_KEY(PROPERTY_KEY) values('ELIBU_SERVICE_KEY');
insert into CONTENT_P_CONSUMER_P_KEY(PROPERTY_KEY) values('SUBSCRIPTION_ID');

insert into CONTENT_PROVIDER_PROPERTY (CONTENT_PROVIDER_ID, PROPERTY_KEY, PROPERTY_VALUE) values (1, 'PRODUCT_URL', 'https://www.elib.se/webservices/GetProduct.asmx/GetProduct');
insert into CONTENT_PROVIDER_PROPERTY (CONTENT_PROVIDER_ID, PROPERTY_KEY, PROPERTY_VALUE) values (1, 'CREATE_LOAN_URL', 'https://www.elib.se/webservices/createloan.asmx/CreateLoan');
insert into CONTENT_PROVIDER_PROPERTY (CONTENT_PROVIDER_ID, PROPERTY_KEY, PROPERTY_VALUE) values (1, 'ORDER_LIST_URL', 'https://www.elib.se/webservices/getlibraryuserorderlist.asmx/GetLibraryUserOrderList');

insert into CONTENT_PROVIDER_PROPERTY (CONTENT_PROVIDER_ID, PROPERTY_KEY, PROPERTY_VALUE) values (2, 'PRODUCT_URL', 'https://webservices.elib.se/elibu/v1.0/products');
insert into CONTENT_PROVIDER_PROPERTY (CONTENT_PROVIDER_ID, PROPERTY_KEY, PROPERTY_VALUE) values (2, 'CONSUME_LICENSE_URL', 'https://webservices.elib.se/elibu/v1.0/licenses');

-- Admin user with password !gogetit1
insert into EHUB_ADMIN_USER (ID, NAME, SALT, PASSWORD) values (1, 'admin', '4223126763863898', '9WHZhWaKsSgik7E+Mq9xYIXSqEM=')
