WHENEVER SQLERROR EXIT FAILURE

insert into CONTENT_PROVIDER(id, NAME, CREATE_DATETIME, MODIFY_DATETIME) VALUES(1, 'ELIB', systimestamp, systimestamp);
insert into CONTENT_PROVIDER(id, NAME, CREATE_DATETIME, MODIFY_DATETIME) VALUES(2, 'ELIBU', systimestamp, systimestamp);
insert into CONTENT_PROVIDER(id, NAME, CREATE_DATETIME, MODIFY_DATETIME) VALUES(3, 'PUBLIT', systimestamp, systimestamp);
insert into CONTENT_PROVIDER(id, NAME, CREATE_DATETIME, MODIFY_DATETIME) VALUES(4, 'ASKEWS', systimestamp, systimestamp);
insert into CONTENT_PROVIDER(id, NAME, CREATE_DATETIME, MODIFY_DATETIME) VALUES(5, 'OVERDRIVE', systimestamp, systimestamp);
insert into CONTENT_PROVIDER(id, NAME, CREATE_DATETIME, MODIFY_DATETIME) VALUES(6, 'ELIB3', systimestamp, systimestamp);

insert into CONTENT_DISPOSITION(CONTENT_DISPOSITION) VALUES('DOWNLOADABLE');
insert into CONTENT_DISPOSITION(CONTENT_DISPOSITION) VALUES('STREAMING');

insert into LANGUAGE(ID) VALUES('da');
insert into LANGUAGE(ID) VALUES('en');
insert into LANGUAGE(ID) VALUES('fi');
insert into LANGUAGE(ID) VALUES('pl');
insert into LANGUAGE(ID) VALUES('sv');

insert into CONTENT_P_FORMAT_DECORATION (ID,CONTENT_DISPOSITION,FORMAT_ID,CONTENT_PROVIDER_ID,PLAYER_WIDTH,PLAYER_HEIGHT, CREATE_DATETIME, MODIFY_DATETIME) VALUES (3,'DOWNLOADABLE','1',1,600,215, systimestamp, systimestamp);
insert into CONTENT_P_FORMAT_DECORATION (ID,CONTENT_DISPOSITION,FORMAT_ID,CONTENT_PROVIDER_ID,PLAYER_WIDTH,PLAYER_HEIGHT, CREATE_DATETIME, MODIFY_DATETIME) VALUES (4,'DOWNLOADABLE','2',1,600,215, systimestamp, systimestamp);
insert into CONTENT_P_FORMAT_DECORATION (ID,CONTENT_DISPOSITION,FORMAT_ID,CONTENT_PROVIDER_ID,PLAYER_WIDTH,PLAYER_HEIGHT, CREATE_DATETIME, MODIFY_DATETIME) VALUES (5,'DOWNLOADABLE','3',1,600,215, systimestamp, systimestamp);
insert into CONTENT_P_FORMAT_DECORATION (ID,CONTENT_DISPOSITION,FORMAT_ID,CONTENT_PROVIDER_ID,PLAYER_WIDTH,PLAYER_HEIGHT, CREATE_DATETIME, MODIFY_DATETIME) VALUES (6,'DOWNLOADABLE','4',1,600,215, systimestamp, systimestamp);
insert into CONTENT_P_FORMAT_DECORATION (ID,CONTENT_DISPOSITION,FORMAT_ID,CONTENT_PROVIDER_ID,PLAYER_WIDTH,PLAYER_HEIGHT, CREATE_DATETIME, MODIFY_DATETIME) VALUES (1001,'STREAMING','901',2,388,164, systimestamp, systimestamp);
insert into CONTENT_P_FORMAT_DECORATION (ID,CONTENT_DISPOSITION,FORMAT_ID,CONTENT_PROVIDER_ID,PLAYER_WIDTH,PLAYER_HEIGHT, CREATE_DATETIME, MODIFY_DATETIME) VALUES (1002,'STREAMING','902',2,320,240, systimestamp, systimestamp);
insert into CONTENT_P_FORMAT_DECORATION (ID,CONTENT_DISPOSITION,FORMAT_ID,CONTENT_PROVIDER_ID,PLAYER_WIDTH,PLAYER_HEIGHT, CREATE_DATETIME, MODIFY_DATETIME) VALUES (1003,'STREAMING','1001',2,0,0, systimestamp, systimestamp);
insert into CONTENT_P_FORMAT_DECORATION (ID,CONTENT_DISPOSITION,FORMAT_ID,CONTENT_PROVIDER_ID,PLAYER_WIDTH,PLAYER_HEIGHT, CREATE_DATETIME, MODIFY_DATETIME) VALUES (1004,'STREAMING','1002',2,0,0, systimestamp, systimestamp);
insert into CONTENT_P_FORMAT_DECORATION (ID,CONTENT_DISPOSITION,FORMAT_ID,CONTENT_PROVIDER_ID,PLAYER_WIDTH,PLAYER_HEIGHT, CREATE_DATETIME, MODIFY_DATETIME) VALUES (7,'DOWNLOADABLE','5',1,600,215, systimestamp, systimestamp);
insert into CONTENT_P_FORMAT_DECORATION (ID,CONTENT_DISPOSITION,FORMAT_ID,CONTENT_PROVIDER_ID,PLAYER_WIDTH,PLAYER_HEIGHT, CREATE_DATETIME, MODIFY_DATETIME) VALUES (8,'DOWNLOADABLE','7',1,600,215, systimestamp, systimestamp);
insert into CONTENT_P_FORMAT_DECORATION (ID,CONTENT_DISPOSITION,FORMAT_ID,CONTENT_PROVIDER_ID,PLAYER_WIDTH,PLAYER_HEIGHT, CREATE_DATETIME, MODIFY_DATETIME) VALUES (9,'DOWNLOADABLE','8',1,600,215, systimestamp, systimestamp);
insert into CONTENT_P_FORMAT_DECORATION (ID,CONTENT_DISPOSITION,FORMAT_ID,CONTENT_PROVIDER_ID,PLAYER_WIDTH,PLAYER_HEIGHT, CREATE_DATETIME, MODIFY_DATETIME) VALUES (10,'DOWNLOADABLE','9',1,600,215, systimestamp, systimestamp);
insert into CONTENT_P_FORMAT_DECORATION (ID,CONTENT_DISPOSITION,FORMAT_ID,CONTENT_PROVIDER_ID,PLAYER_WIDTH,PLAYER_HEIGHT, CREATE_DATETIME, MODIFY_DATETIME) VALUES (11,'DOWNLOADABLE','10',1,600,215, systimestamp, systimestamp);
insert into CONTENT_P_FORMAT_DECORATION (ID,CONTENT_DISPOSITION,FORMAT_ID,CONTENT_PROVIDER_ID,PLAYER_WIDTH,PLAYER_HEIGHT, CREATE_DATETIME, MODIFY_DATETIME) VALUES (12,'DOWNLOADABLE','20',1,600,215, systimestamp, systimestamp);
insert into CONTENT_P_FORMAT_DECORATION (ID,CONTENT_DISPOSITION,FORMAT_ID,CONTENT_PROVIDER_ID,PLAYER_WIDTH,PLAYER_HEIGHT, CREATE_DATETIME, MODIFY_DATETIME) VALUES (13,'DOWNLOADABLE','21',1,600,215, systimestamp, systimestamp);
insert into CONTENT_P_FORMAT_DECORATION (ID,CONTENT_DISPOSITION,FORMAT_ID,CONTENT_PROVIDER_ID,PLAYER_WIDTH,PLAYER_HEIGHT, CREATE_DATETIME, MODIFY_DATETIME) VALUES (14,'DOWNLOADABLE','23',1,600,215, systimestamp, systimestamp);
insert into CONTENT_P_FORMAT_DECORATION (ID,CONTENT_DISPOSITION,FORMAT_ID,CONTENT_PROVIDER_ID,PLAYER_WIDTH,PLAYER_HEIGHT, CREATE_DATETIME, MODIFY_DATETIME) VALUES (15,'DOWNLOADABLE','24',1,600,215, systimestamp, systimestamp);
insert into CONTENT_P_FORMAT_DECORATION (ID,CONTENT_DISPOSITION,FORMAT_ID,CONTENT_PROVIDER_ID,PLAYER_WIDTH,PLAYER_HEIGHT, CREATE_DATETIME, MODIFY_DATETIME) VALUES (16,'DOWNLOADABLE','25',1,600,215, systimestamp, systimestamp);
insert into CONTENT_P_FORMAT_DECORATION (ID,CONTENT_DISPOSITION,FORMAT_ID,CONTENT_PROVIDER_ID,PLAYER_WIDTH,PLAYER_HEIGHT, CREATE_DATETIME, MODIFY_DATETIME) VALUES (17,'DOWNLOADABLE','26',1,600,215, systimestamp, systimestamp);
insert into CONTENT_P_FORMAT_DECORATION (ID,CONTENT_DISPOSITION,FORMAT_ID,CONTENT_PROVIDER_ID,PLAYER_WIDTH,PLAYER_HEIGHT, CREATE_DATETIME, MODIFY_DATETIME) VALUES (18,'DOWNLOADABLE','50',1,600,215, systimestamp, systimestamp);
insert into CONTENT_P_FORMAT_DECORATION (ID,CONTENT_DISPOSITION,FORMAT_ID,CONTENT_PROVIDER_ID,PLAYER_WIDTH,PLAYER_HEIGHT, CREATE_DATETIME, MODIFY_DATETIME) VALUES (19,'DOWNLOADABLE','51',1,600,215, systimestamp, systimestamp);
insert into CONTENT_P_FORMAT_DECORATION (ID,CONTENT_DISPOSITION,FORMAT_ID,CONTENT_PROVIDER_ID,PLAYER_WIDTH,PLAYER_HEIGHT, CREATE_DATETIME, MODIFY_DATETIME) VALUES (20,'DOWNLOADABLE','54',1,600,215, systimestamp, systimestamp);
insert into CONTENT_P_FORMAT_DECORATION (ID,CONTENT_DISPOSITION,FORMAT_ID,CONTENT_PROVIDER_ID,PLAYER_WIDTH,PLAYER_HEIGHT, CREATE_DATETIME, MODIFY_DATETIME) VALUES (21,'DOWNLOADABLE','56',1,600,215, systimestamp, systimestamp);
insert into CONTENT_P_FORMAT_DECORATION (ID,CONTENT_DISPOSITION,FORMAT_ID,CONTENT_PROVIDER_ID,PLAYER_WIDTH,PLAYER_HEIGHT, CREATE_DATETIME, MODIFY_DATETIME) VALUES (23,'DOWNLOADABLE','61',1,600,215, systimestamp, systimestamp);
insert into CONTENT_P_FORMAT_DECORATION (ID,CONTENT_DISPOSITION,FORMAT_ID,CONTENT_PROVIDER_ID,PLAYER_WIDTH,PLAYER_HEIGHT, CREATE_DATETIME, MODIFY_DATETIME) VALUES (22,'DOWNLOADABLE','60',1,600,215, systimestamp, systimestamp);
insert into CONTENT_P_FORMAT_DECORATION (ID,CONTENT_DISPOSITION,FORMAT_ID,CONTENT_PROVIDER_ID,PLAYER_WIDTH,PLAYER_HEIGHT, CREATE_DATETIME, MODIFY_DATETIME) VALUES (24,'STREAMING','70',1,600,215, systimestamp, systimestamp);
insert into CONTENT_P_FORMAT_DECORATION (ID,CONTENT_DISPOSITION,FORMAT_ID,CONTENT_PROVIDER_ID,PLAYER_WIDTH,PLAYER_HEIGHT, CREATE_DATETIME, MODIFY_DATETIME) VALUES (25,'STREAMING','72',1,600,215, systimestamp, systimestamp);
insert into CONTENT_P_FORMAT_DECORATION (ID,CONTENT_DISPOSITION,FORMAT_ID,CONTENT_PROVIDER_ID,PLAYER_WIDTH,PLAYER_HEIGHT, CREATE_DATETIME, MODIFY_DATETIME) VALUES (26,'DOWNLOADABLE','73',1,600,215, systimestamp, systimestamp);
insert into CONTENT_P_FORMAT_DECORATION (ID,CONTENT_DISPOSITION,FORMAT_ID,CONTENT_PROVIDER_ID,PLAYER_WIDTH,PLAYER_HEIGHT, CREATE_DATETIME, MODIFY_DATETIME) VALUES (27,'DOWNLOADABLE','74',1,600,215, systimestamp, systimestamp);
insert into CONTENT_P_FORMAT_DECORATION (ID,CONTENT_DISPOSITION,FORMAT_ID,CONTENT_PROVIDER_ID,PLAYER_WIDTH,PLAYER_HEIGHT, CREATE_DATETIME, MODIFY_DATETIME) VALUES (28,'DOWNLOADABLE','75',1,600,215, systimestamp, systimestamp);
insert into CONTENT_P_FORMAT_DECORATION (ID,CONTENT_DISPOSITION,FORMAT_ID,CONTENT_PROVIDER_ID,PLAYER_WIDTH,PLAYER_HEIGHT, CREATE_DATETIME, MODIFY_DATETIME) VALUES (29,'DOWNLOADABLE','150',1,600,215, systimestamp, systimestamp);
insert into CONTENT_P_FORMAT_DECORATION (ID,CONTENT_DISPOSITION,FORMAT_ID,CONTENT_PROVIDER_ID,PLAYER_WIDTH,PLAYER_HEIGHT, CREATE_DATETIME, MODIFY_DATETIME) VALUES (1,'DOWNLOADABLE','58',1,600,215, systimestamp, systimestamp);
insert into CONTENT_P_FORMAT_DECORATION (ID,CONTENT_DISPOSITION,FORMAT_ID,CONTENT_PROVIDER_ID,PLAYER_WIDTH,PLAYER_HEIGHT, CREATE_DATETIME, MODIFY_DATETIME) VALUES (2,'STREAMING','71',1,600,215, systimestamp, systimestamp);
insert into CONTENT_P_FORMAT_DECORATION (ID,CONTENT_DISPOSITION,FORMAT_ID,CONTENT_PROVIDER_ID,PLAYER_WIDTH,PLAYER_HEIGHT, CREATE_DATETIME, MODIFY_DATETIME) VALUES (1101,'DOWNLOADABLE','E-bok',3,600,215, systimestamp, systimestamp);
insert into CONTENT_P_FORMAT_DECORATION (ID,CONTENT_DISPOSITION,FORMAT_ID,CONTENT_PROVIDER_ID,PLAYER_WIDTH,PLAYER_HEIGHT, CREATE_DATETIME, MODIFY_DATETIME) VALUES (1201,'DOWNLOADABLE','Askews1',4,600,215, systimestamp, systimestamp);
insert into CONTENT_P_FORMAT_DECORATION (ID,CONTENT_DISPOSITION,FORMAT_ID,CONTENT_PROVIDER_ID,PLAYER_WIDTH,PLAYER_HEIGHT, CREATE_DATETIME, MODIFY_DATETIME) VALUES (1301,'DOWNLOADABLE','ebook-kindle', 5, 0, 0, systimestamp, systimestamp);
insert into CONTENT_P_FORMAT_DECORATION (ID,CONTENT_DISPOSITION,FORMAT_ID,CONTENT_PROVIDER_ID,PLAYER_WIDTH,PLAYER_HEIGHT, CREATE_DATETIME, MODIFY_DATETIME) VALUES (1302,'STREAMING','ebook-overdrive', 5, 600, 215, systimestamp, systimestamp);
insert into CONTENT_P_FORMAT_DECORATION (ID,CONTENT_DISPOSITION,FORMAT_ID,CONTENT_PROVIDER_ID,PLAYER_WIDTH,PLAYER_HEIGHT, CREATE_DATETIME, MODIFY_DATETIME) VALUES (1303,'DOWNLOADABLE','ebook-epub-adobe', 5, 0, 0, systimestamp, systimestamp);
insert into CONTENT_P_FORMAT_DECORATION (ID,CONTENT_DISPOSITION,FORMAT_ID,CONTENT_PROVIDER_ID,PLAYER_WIDTH,PLAYER_HEIGHT, CREATE_DATETIME, MODIFY_DATETIME) VALUES (1304,'DOWNLOADABLE','ebook-epub-open', 5, 0, 0, systimestamp, systimestamp);
insert into CONTENT_P_FORMAT_DECORATION (ID,CONTENT_DISPOSITION,FORMAT_ID,CONTENT_PROVIDER_ID,PLAYER_WIDTH,PLAYER_HEIGHT, CREATE_DATETIME, MODIFY_DATETIME) VALUES (1305,'DOWNLOADABLE','ebook-pdf-adobe', 5, 0, 0, systimestamp, systimestamp);
insert into CONTENT_P_FORMAT_DECORATION (ID,CONTENT_DISPOSITION,FORMAT_ID,CONTENT_PROVIDER_ID,PLAYER_WIDTH,PLAYER_HEIGHT, CREATE_DATETIME, MODIFY_DATETIME) VALUES (1306,'DOWNLOADABLE','ebook-pdf-open', 5, 0, 0, systimestamp, systimestamp);
insert into CONTENT_P_FORMAT_DECORATION (ID,CONTENT_DISPOSITION,FORMAT_ID,CONTENT_PROVIDER_ID,PLAYER_WIDTH,PLAYER_HEIGHT, CREATE_DATETIME, MODIFY_DATETIME) VALUES (1307,'STREAMING','ebook-disney', 5, 600, 215, systimestamp, systimestamp);
insert into CONTENT_P_FORMAT_DECORATION (ID,CONTENT_DISPOSITION,FORMAT_ID,CONTENT_PROVIDER_ID,PLAYER_WIDTH,PLAYER_HEIGHT, CREATE_DATETIME, MODIFY_DATETIME) VALUES (1308,'DOWNLOADABLE','audiobook-wma', 5, 0, 0, systimestamp, systimestamp);
insert into CONTENT_P_FORMAT_DECORATION (ID,CONTENT_DISPOSITION,FORMAT_ID,CONTENT_PROVIDER_ID,PLAYER_WIDTH,PLAYER_HEIGHT, CREATE_DATETIME, MODIFY_DATETIME) VALUES (1309,'DOWNLOADABLE','audiobook-mp3', 5, 0, 0, systimestamp, systimestamp);
insert into CONTENT_P_FORMAT_DECORATION (ID,CONTENT_DISPOSITION,FORMAT_ID,CONTENT_PROVIDER_ID,PLAYER_WIDTH,PLAYER_HEIGHT, CREATE_DATETIME, MODIFY_DATETIME) VALUES (1310,'DOWNLOADABLE','music-wma', 5, 0, 0, systimestamp, systimestamp);
insert into CONTENT_P_FORMAT_DECORATION (ID,CONTENT_DISPOSITION,FORMAT_ID,CONTENT_PROVIDER_ID,PLAYER_WIDTH,PLAYER_HEIGHT, CREATE_DATETIME, MODIFY_DATETIME) VALUES (1311,'DOWNLOADABLE','video-wmv', 5, 0, 0, systimestamp, systimestamp);
insert into CONTENT_P_FORMAT_DECORATION (ID,CONTENT_DISPOSITION,FORMAT_ID,CONTENT_PROVIDER_ID,PLAYER_WIDTH,PLAYER_HEIGHT, CREATE_DATETIME, MODIFY_DATETIME) VALUES (1312,'DOWNLOADABLE','video-wmv-mobile', 5, 0, 0, systimestamp, systimestamp);

insert into CONTENT_P_FORMAT_DECORATION (ID,CONTENT_DISPOSITION,FORMAT_ID,CONTENT_PROVIDER_ID,PLAYER_WIDTH,PLAYER_HEIGHT, CREATE_DATETIME, MODIFY_DATETIME) VALUES (1401,'STREAMING','4002', 6, 600, 215, systimestamp, systimestamp);
insert into CONTENT_P_FORMAT_DECORATION (ID,CONTENT_DISPOSITION,FORMAT_ID,CONTENT_PROVIDER_ID,PLAYER_WIDTH,PLAYER_HEIGHT, CREATE_DATETIME, MODIFY_DATETIME) VALUES (1402,'STREAMING','4101', 6, 0, 0, systimestamp, systimestamp);
insert into CONTENT_P_FORMAT_DECORATION (ID,CONTENT_DISPOSITION,FORMAT_ID,CONTENT_PROVIDER_ID,PLAYER_WIDTH,PLAYER_HEIGHT, CREATE_DATETIME, MODIFY_DATETIME) VALUES (1403,'DOWNLOADABLE','4103', 6, 0, 0, systimestamp, systimestamp);
insert into CONTENT_P_FORMAT_DECORATION (ID,CONTENT_DISPOSITION,FORMAT_ID,CONTENT_PROVIDER_ID,PLAYER_WIDTH,PLAYER_HEIGHT, CREATE_DATETIME, MODIFY_DATETIME) VALUES (1404,'DOWNLOADABLE','4104', 6, 0, 0, systimestamp, systimestamp);

insert into CONTENT_P_FORMAT_TEXT_BUNDLE (ID,DESCRIPTION,LANGUAGE_ID,NAME,CONTENT_P_FORMAT_DECORATION_ID, CREATE_DATETIME, MODIFY_DATETIME) VALUES (1001,'E-audiobook in streaming Flash. The format works on Windows, Mac and Linux operating systems.','en','Audiobook (Flash)',1001, systimestamp, systimestamp);
insert into CONTENT_P_FORMAT_TEXT_BUNDLE (ID,DESCRIPTION,LANGUAGE_ID,NAME,CONTENT_P_FORMAT_DECORATION_ID, CREATE_DATETIME, MODIFY_DATETIME) VALUES (1002,'E-ljudbok i formatet Flash. Formatet fungerar p'||CHR(229)||' operativsystemen Windows, Mac och Linux.','sv','Ljudbok (Flash)',1001, systimestamp, systimestamp);
insert into CONTENT_P_FORMAT_TEXT_BUNDLE (ID,DESCRIPTION,LANGUAGE_ID,NAME,CONTENT_P_FORMAT_DECORATION_ID, CREATE_DATETIME, MODIFY_DATETIME) VALUES (2001,'E-audiobook in streaming HTTP. Streaming to devices supporting Apple HTTP Live Streaming, for example iPhones, iPads and iPods or devices with the Android opertating system.','en','Audiobook (HLS)',1002, systimestamp, systimestamp);
insert into CONTENT_P_FORMAT_TEXT_BUNDLE (ID,DESCRIPTION,LANGUAGE_ID,NAME,CONTENT_P_FORMAT_DECORATION_ID, CREATE_DATETIME, MODIFY_DATETIME) VALUES (2002,'E-ljudbok i formatet HTTP. Formatet fungerar p'||CHR(229)||' enheter som har st'||CHR(246)||' f'||CHR(246)||'r Apple HTTP Live Streaming, exempelvis iPhones, iPads and iPods, eller enheter med Android som operativsystem','sv','Ljudbok (HLS)',1002, systimestamp, systimestamp);
insert into CONTENT_P_FORMAT_TEXT_BUNDLE (ID,DESCRIPTION,LANGUAGE_ID,NAME,CONTENT_P_FORMAT_DECORATION_ID, CREATE_DATETIME, MODIFY_DATETIME) VALUES (3001,'E-book in EPUB. The format works on most computers, tablets and mobile phones. You must have an account with Adobe, or create it in the next step.','en','E-book (EPUB)',1003, systimestamp, systimestamp);
insert into CONTENT_P_FORMAT_TEXT_BUNDLE (ID,DESCRIPTION,LANGUAGE_ID,NAME,CONTENT_P_FORMAT_DECORATION_ID, CREATE_DATETIME, MODIFY_DATETIME) VALUES (3002,'E-bok i formatet EPUB. Formatet kan l'||CHR(228)||'sas p'||CHR(229)||' de flesta datorer, l'||CHR(228)||'splattor och mobiltelefoner. Du m'||CHR(229)||'ste ha ett konto hos Adobe, eller s'||CHR(229)||' kan du skapa det i n'||CHR(228)||'sta steg.','sv','E-bok (EPUB)',1003, systimestamp, systimestamp);
insert into CONTENT_P_FORMAT_TEXT_BUNDLE (ID,DESCRIPTION,LANGUAGE_ID,NAME,CONTENT_P_FORMAT_DECORATION_ID, CREATE_DATETIME, MODIFY_DATETIME) VALUES (4001,'E-book in PDF. The format is designed for a screen that is at least 10 inches. You must have an account with Adobe or create it in the next step.','en','E-book (PDF)',1004, systimestamp, systimestamp);
insert into CONTENT_P_FORMAT_TEXT_BUNDLE (ID,DESCRIPTION,LANGUAGE_ID,NAME,CONTENT_P_FORMAT_DECORATION_ID, CREATE_DATETIME, MODIFY_DATETIME) VALUES (4002,'E-bok i formatet PDF. Formatet '||CHR(228)||'r anpassat f'||CHR(246)||'r en sk'||CHR(228)||'rm som '||CHR(228)||'r minst 10 tum. Du m'||CHR(229)||'ste ha ett konto hos Adobe eller skapa det i n'||CHR(228)||'sta steg.','sv','E-bok (PDF)',1004, systimestamp, systimestamp);
insert into CONTENT_P_FORMAT_TEXT_BUNDLE (ID,DESCRIPTION,LANGUAGE_ID,NAME,CONTENT_P_FORMAT_DECORATION_ID, CREATE_DATETIME, MODIFY_DATETIME) VALUES (4101,'Nedladdningsbar E-bok','sv','E-bok',1101, systimestamp, systimestamp);
insert into CONTENT_P_FORMAT_TEXT_BUNDLE (ID,DESCRIPTION,LANGUAGE_ID,NAME,CONTENT_P_FORMAT_DECORATION_ID, CREATE_DATETIME, MODIFY_DATETIME) VALUES (4102,'Downloadable E-book','en','E-book',1101, systimestamp, systimestamp);
insert into CONTENT_P_FORMAT_TEXT_BUNDLE (ID,DESCRIPTION,LANGUAGE_ID,NAME,CONTENT_P_FORMAT_DECORATION_ID, CREATE_DATETIME, MODIFY_DATETIME) VALUES (4201,'Downloadable E-book','en','E-book',1201, systimestamp, systimestamp);
insert into CONTENT_P_FORMAT_TEXT_BUNDLE (ID,DESCRIPTION,LANGUAGE_ID,NAME,CONTENT_P_FORMAT_DECORATION_ID, CREATE_DATETIME, MODIFY_DATETIME) VALUES (4301,'Kindle Book','en','Kindle Book', 1301, systimestamp, systimestamp);
insert into CONTENT_P_FORMAT_TEXT_BUNDLE (ID,DESCRIPTION,LANGUAGE_ID,NAME,CONTENT_P_FORMAT_DECORATION_ID, CREATE_DATETIME, MODIFY_DATETIME) VALUES (4302,'OverDrive Read eBook (browser-based)','en','OverDrive Read eBook', 1302, systimestamp, systimestamp);
insert into CONTENT_P_FORMAT_TEXT_BUNDLE (ID,DESCRIPTION,LANGUAGE_ID,NAME,CONTENT_P_FORMAT_DECORATION_ID, CREATE_DATETIME, MODIFY_DATETIME) VALUES (4303,'DRM protected Adobe EPUB eBook','en','Adobe EPUB eBook', 1303, systimestamp, systimestamp);
insert into CONTENT_P_FORMAT_TEXT_BUNDLE (ID,DESCRIPTION,LANGUAGE_ID,NAME,CONTENT_P_FORMAT_DECORATION_ID, CREATE_DATETIME, MODIFY_DATETIME) VALUES (4304,'DRM free Open EPUB eBook','en','Open EPUB eBook', 1304, systimestamp, systimestamp);
insert into CONTENT_P_FORMAT_TEXT_BUNDLE (ID,DESCRIPTION,LANGUAGE_ID,NAME,CONTENT_P_FORMAT_DECORATION_ID, CREATE_DATETIME, MODIFY_DATETIME) VALUES (4305,'DRM protected Adobe PDF eBook','en','Adobe PDF eBook', 1305, systimestamp, systimestamp);
insert into CONTENT_P_FORMAT_TEXT_BUNDLE (ID,DESCRIPTION,LANGUAGE_ID,NAME,CONTENT_P_FORMAT_DECORATION_ID, CREATE_DATETIME, MODIFY_DATETIME) VALUES (4306,'DRM free Open PDF eBook','en','Open PDF eBook', 1306, systimestamp, systimestamp);
insert into CONTENT_P_FORMAT_TEXT_BUNDLE (ID,DESCRIPTION,LANGUAGE_ID,NAME,CONTENT_P_FORMAT_DECORATION_ID, CREATE_DATETIME, MODIFY_DATETIME) VALUES (4307,'Interactive Disney eBook (browser-based)','en','Interactive Disney eBook', 1307, systimestamp, systimestamp);
insert into CONTENT_P_FORMAT_TEXT_BUNDLE (ID,DESCRIPTION,LANGUAGE_ID,NAME,CONTENT_P_FORMAT_DECORATION_ID, CREATE_DATETIME, MODIFY_DATETIME) VALUES (4308,'DRM protected WMA audiobook','en','WMA audiobook', 1308, systimestamp, systimestamp);
insert into CONTENT_P_FORMAT_TEXT_BUNDLE (ID,DESCRIPTION,LANGUAGE_ID,NAME,CONTENT_P_FORMAT_DECORATION_ID, CREATE_DATETIME, MODIFY_DATETIME) VALUES (4309,'DRM free MP3 audiobook','en','MP3 audiobook', 1309, systimestamp, systimestamp);
insert into CONTENT_P_FORMAT_TEXT_BUNDLE (ID,DESCRIPTION,LANGUAGE_ID,NAME,CONTENT_P_FORMAT_DECORATION_ID, CREATE_DATETIME, MODIFY_DATETIME) VALUES (4310,'DRM protected WMA music file','en','WMA music file', 1310, systimestamp, systimestamp);
insert into CONTENT_P_FORMAT_TEXT_BUNDLE (ID,DESCRIPTION,LANGUAGE_ID,NAME,CONTENT_P_FORMAT_DECORATION_ID, CREATE_DATETIME, MODIFY_DATETIME) VALUES (4311,'DRM protected WMV video file','en','WMV video file', 1311, systimestamp, systimestamp);
insert into CONTENT_P_FORMAT_TEXT_BUNDLE (ID,DESCRIPTION,LANGUAGE_ID,NAME,CONTENT_P_FORMAT_DECORATION_ID, CREATE_DATETIME, MODIFY_DATETIME) VALUES (4312,'DRM protected WMV mobile video file','en','WMV mobile video file', 1312, systimestamp, systimestamp);

insert into CONTENT_P_FORMAT_TEXT_BUNDLE (ID,DESCRIPTION,LANGUAGE_ID,NAME,CONTENT_P_FORMAT_DECORATION_ID, CREATE_DATETIME, MODIFY_DATETIME) VALUES (4401,'E-audiobook in streaming Flash','en','Audiobook (Flash)', 1401, systimestamp, systimestamp);
insert into CONTENT_P_FORMAT_TEXT_BUNDLE (ID,DESCRIPTION,LANGUAGE_ID,NAME,CONTENT_P_FORMAT_DECORATION_ID, CREATE_DATETIME, MODIFY_DATETIME) VALUES (4402,'E-ljudbok i formatet Flash','sv','Ljudbok (Flash)', 1401, systimestamp, systimestamp);
insert into CONTENT_P_FORMAT_TEXT_BUNDLE (ID,DESCRIPTION,LANGUAGE_ID,NAME,CONTENT_P_FORMAT_DECORATION_ID, CREATE_DATETIME, MODIFY_DATETIME) VALUES (4403,'E-book in EPUB delivered using HTML5','en','EPUB (Online)', 1402, systimestamp, systimestamp);
insert into CONTENT_P_FORMAT_TEXT_BUNDLE (ID,DESCRIPTION,LANGUAGE_ID,NAME,CONTENT_P_FORMAT_DECORATION_ID, CREATE_DATETIME, MODIFY_DATETIME) VALUES (4404,'E-bok i formatet EPUB levererad med HTML5','sv','EPUB (Online)', 1402, systimestamp, systimestamp);
insert into CONTENT_P_FORMAT_TEXT_BUNDLE (ID,DESCRIPTION,LANGUAGE_ID,NAME,CONTENT_P_FORMAT_DECORATION_ID, CREATE_DATETIME, MODIFY_DATETIME) VALUES (4405,'E-book in PDF distributed with license encryption','en','PDF', 1403, systimestamp, systimestamp);
insert into CONTENT_P_FORMAT_TEXT_BUNDLE (ID,DESCRIPTION,LANGUAGE_ID,NAME,CONTENT_P_FORMAT_DECORATION_ID, CREATE_DATETIME, MODIFY_DATETIME) VALUES (4406,'E-bok i formatet PDF distribuerad med licenskryptering','sv','PDF', 1403, systimestamp, systimestamp);
insert into CONTENT_P_FORMAT_TEXT_BUNDLE (ID,DESCRIPTION,LANGUAGE_ID,NAME,CONTENT_P_FORMAT_DECORATION_ID, CREATE_DATETIME, MODIFY_DATETIME) VALUES (4407,'E-book in EPUB distributed with license encryption','en','EPUB (Offline)', 1404, systimestamp, systimestamp);
insert into CONTENT_P_FORMAT_TEXT_BUNDLE (ID,DESCRIPTION,LANGUAGE_ID,NAME,CONTENT_P_FORMAT_DECORATION_ID, CREATE_DATETIME, MODIFY_DATETIME) VALUES (4408,'E-bok i formatet EPUB distribuerad med licenskryptering','sv','EPUB (Offline)', 1404, systimestamp, systimestamp);

insert into EHUB_CONSUMER_PROPERTY_KEY(PROPERTY_KEY) VALUES('ARENA_LOCAL_API_ENDPOINT');
insert into EHUB_CONSUMER_PROPERTY_KEY(PROPERTY_KEY) VALUES('ARENA_AGENCY_M_IDENTIFIER');

insert into CONTENT_PROVIDER_PROPERTY_KEY(PROPERTY_KEY) VALUES('PRODUCT_URL');
insert into CONTENT_PROVIDER_PROPERTY_KEY(PROPERTY_KEY) VALUES('CREATE_LOAN_URL');
insert into CONTENT_PROVIDER_PROPERTY_KEY(PROPERTY_KEY) VALUES('ORDER_LIST_URL');
insert into CONTENT_PROVIDER_PROPERTY_KEY(PROPERTY_KEY) VALUES('CONSUME_LICENSE_URL');
insert into CONTENT_PROVIDER_PROPERTY_KEY(PROPERTY_KEY) VALUES('LOAN_EXPIRATION_DAYS');
insert into CONTENT_PROVIDER_PROPERTY_KEY(PROPERTY_KEY) VALUES('OAUTH_URL');
insert into CONTENT_PROVIDER_PROPERTY_KEY(PROPERTY_KEY) VALUES('OAUTH_PATRON_URL');
insert into CONTENT_PROVIDER_PROPERTY_KEY(PROPERTY_KEY) VALUES('API_BASE_URL');
insert into CONTENT_PROVIDER_PROPERTY_KEY(PROPERTY_KEY) VALUES('PATRON_API_BASE_URL');

insert into CONTENT_P_CONSUMER_P_KEY(PROPERTY_KEY) VALUES('ELIB_RETAILER_ID');
insert into CONTENT_P_CONSUMER_P_KEY(PROPERTY_KEY) VALUES('ELIB_RETAILER_KEY');
insert into CONTENT_P_CONSUMER_P_KEY(PROPERTY_KEY) VALUES('ELIBU_SERVICE_ID');
insert into CONTENT_P_CONSUMER_P_KEY(PROPERTY_KEY) VALUES('ELIBU_SERVICE_KEY');
insert into CONTENT_P_CONSUMER_P_KEY(PROPERTY_KEY) VALUES('PUBLIT_USERNAME');
insert into CONTENT_P_CONSUMER_P_KEY(PROPERTY_KEY) VALUES('PUBLIT_PASSWORD');
insert into CONTENT_P_CONSUMER_P_KEY(PROPERTY_KEY) VALUES('SUBSCRIPTION_ID');
insert into CONTENT_P_CONSUMER_P_KEY(PROPERTY_KEY) VALUES('ASKEWS_AUTH_ID');
insert into CONTENT_P_CONSUMER_P_KEY(PROPERTY_KEY) VALUES('ASKEWS_TOKEN_KEY');
insert into CONTENT_P_CONSUMER_P_KEY(PROPERTY_KEY) VALUES('ASKEWS_BARCODE');
insert into CONTENT_P_CONSUMER_P_KEY(PROPERTY_KEY) VALUES('OVERDRIVE_CLIENT_KEY');
insert into CONTENT_P_CONSUMER_P_KEY(PROPERTY_KEY) VALUES('OVERDRIVE_CLIENT_SECRET');
insert into CONTENT_P_CONSUMER_P_KEY(PROPERTY_KEY) VALUES('OVERDRIVE_LIBRARY_ID');
insert into CONTENT_P_CONSUMER_P_KEY(PROPERTY_KEY) VALUES('OVERDRIVE_ERROR_PAGE_URL');
insert into CONTENT_P_CONSUMER_P_KEY(PROPERTY_KEY) VALUES('OVERDRIVE_READ_AUTH_URL');
insert into CONTENT_P_CONSUMER_P_KEY(PROPERTY_KEY) VALUES('OVERDIRVE_WEBSITE_ID');
insert into CONTENT_P_CONSUMER_P_KEY(PROPERTY_KEY) VALUES('OVERDRIVE_ILS_NAME');
insert into CONTENT_P_CONSUMER_P_KEY(PROPERTY_KEY) VALUES('ELIB_SERVICE_ID');
insert into CONTENT_P_CONSUMER_P_KEY(PROPERTY_KEY) VALUES('ELIB_SERVICE_KEY');

insert into CONTENT_PROVIDER_PROPERTY (CONTENT_PROVIDER_ID, PROPERTY_KEY, PROPERTY_VALUE) VALUES (1, 'PRODUCT_URL', 'https://www.elib.se/webservices/GetProduct.asmx/GetProduct');
insert into CONTENT_PROVIDER_PROPERTY (CONTENT_PROVIDER_ID, PROPERTY_KEY, PROPERTY_VALUE) VALUES (1, 'CREATE_LOAN_URL', 'https://www.elib.se/webservices/createloan.asmx/CreateLoan');
insert into CONTENT_PROVIDER_PROPERTY (CONTENT_PROVIDER_ID, PROPERTY_KEY, PROPERTY_VALUE) VALUES (1, 'ORDER_LIST_URL', 'https://www.elib.se/webservices/getlibraryuserorderlist.asmx/GetLibraryUserOrderList');

insert into CONTENT_PROVIDER_PROPERTY (CONTENT_PROVIDER_ID, PROPERTY_KEY, PROPERTY_VALUE) VALUES (2, 'PRODUCT_URL', 'https://webservices.elib.se/elibu/v1.0/products');
insert into CONTENT_PROVIDER_PROPERTY (CONTENT_PROVIDER_ID, PROPERTY_KEY, PROPERTY_VALUE) VALUES (2, 'CONSUME_LICENSE_URL', 'https://webservices.elib.se/elibu/v1.0/licenses');

insert into CONTENT_PROVIDER_PROPERTY (CONTENT_PROVIDER_ID, PROPERTY_KEY, PROPERTY_VALUE) VALUES (3, 'PRODUCT_URL', 'http://beta.publit.se/');
insert into CONTENT_PROVIDER_PROPERTY (CONTENT_PROVIDER_ID, PROPERTY_KEY, PROPERTY_VALUE) VALUES (3, 'CREATE_LOAN_URL', 'http://beta.publit.se/');
insert into CONTENT_PROVIDER_PROPERTY (CONTENT_PROVIDER_ID, PROPERTY_KEY, PROPERTY_VALUE) VALUES (3, 'ORDER_LIST_URL', 'http://beta.publit.se/');
insert into CONTENT_PROVIDER_PROPERTY (CONTENT_PROVIDER_ID, PROPERTY_KEY, PROPERTY_VALUE) VALUES (3, 'LOAN_EXPIRATION_DAYS', '30');

insert into CONTENT_PROVIDER_PROPERTY (CONTENT_PROVIDER_ID, PROPERTY_KEY, PROPERTY_VALUE) VALUES (4, 'LOAN_EXPIRATION_DAYS', '30');

insert into CONTENT_PROVIDER_PROPERTY (CONTENT_PROVIDER_ID, PROPERTY_KEY, PROPERTY_VALUE) VALUES (5, 'OAUTH_URL', 'https://oauth.overdrive.com/token');
insert into CONTENT_PROVIDER_PROPERTY (CONTENT_PROVIDER_ID, PROPERTY_KEY, PROPERTY_VALUE) VALUES (5, 'OAUTH_PATRON_URL', 'https://oauth-patron.overdrive.com/patrontoken');
insert into CONTENT_PROVIDER_PROPERTY (CONTENT_PROVIDER_ID, PROPERTY_KEY, PROPERTY_VALUE) VALUES (5, 'API_BASE_URL', 'http://api.overdrive.com');
insert into CONTENT_PROVIDER_PROPERTY (CONTENT_PROVIDER_ID, PROPERTY_KEY, PROPERTY_VALUE) VALUES (5, 'PATRON_API_BASE_URL', 'http://patron.api.overdrive.com');

insert into CONTENT_PROVIDER_PROPERTY (CONTENT_PROVIDER_ID, PROPERTY_KEY, PROPERTY_VALUE) VALUES (6, 'API_BASE_URL', 'https://webservices.elib.se/library/v3.0');

-- Admin user with password !gogetit1
insert into EHUB_ADMIN_USER (ID, NAME, SALT, PASSWORD, CREATE_DATETIME, MODIFY_DATETIME) VALUES (1, 'admin', '4223126763863898', '9WHZhWaKsSgik7E+Mq9xYIXSqEM=', systimestamp, systimestamp);

insert into CONTENT_P_FORMAT_DECORATION (ID,CONTENT_DISPOSITION,FORMAT_ID,CONTENT_PROVIDER_ID,PLAYER_WIDTH,PLAYER_HEIGHT, CREATE_DATETIME, MODIFY_DATETIME) VALUES (1401,'STREAMING','4002', 6, 600, 215, systimestamp, systimestamp);
insert into CONTENT_P_FORMAT_DECORATION (ID,CONTENT_DISPOSITION,FORMAT_ID,CONTENT_PROVIDER_ID,PLAYER_WIDTH,PLAYER_HEIGHT, CREATE_DATETIME, MODIFY_DATETIME) VALUES (1402,'STREAMING','4101', 6, 0, 0, systimestamp, systimestamp);
insert into CONTENT_P_FORMAT_DECORATION (ID,CONTENT_DISPOSITION,FORMAT_ID,CONTENT_PROVIDER_ID,PLAYER_WIDTH,PLAYER_HEIGHT, CREATE_DATETIME, MODIFY_DATETIME) VALUES (1403,'DOWNLOADABLE','4103', 6, 0, 0, systimestamp, systimestamp);
insert into CONTENT_P_FORMAT_DECORATION (ID,CONTENT_DISPOSITION,FORMAT_ID,CONTENT_PROVIDER_ID,PLAYER_WIDTH,PLAYER_HEIGHT, CREATE_DATETIME, MODIFY_DATETIME) VALUES (1404,'DOWNLOADABLE','4104', 6, 0, 0, systimestamp, systimestamp);

insert into CONTENT_P_FORMAT_TEXT_BUNDLE (ID,DESCRIPTION,LANGUAGE_ID,NAME,CONTENT_P_FORMAT_DECORATION_ID, CREATE_DATETIME, MODIFY_DATETIME) VALUES (4401,'E-audiobook in streaming Flash','en','Audiobook (Flash)', 1401, systimestamp, systimestamp);
insert into CONTENT_P_FORMAT_TEXT_BUNDLE (ID,DESCRIPTION,LANGUAGE_ID,NAME,CONTENT_P_FORMAT_DECORATION_ID, CREATE_DATETIME, MODIFY_DATETIME) VALUES (4402,'E-ljudbok i formatet Flash','sv','Ljudbok (Flash)', 1401, systimestamp, systimestamp);
insert into CONTENT_P_FORMAT_TEXT_BUNDLE (ID,DESCRIPTION,LANGUAGE_ID,NAME,CONTENT_P_FORMAT_DECORATION_ID, CREATE_DATETIME, MODIFY_DATETIME) VALUES (4403,'E-book in EPUB delivered using HTML5','en','EPUB (Online)', 1402, systimestamp, systimestamp);
insert into CONTENT_P_FORMAT_TEXT_BUNDLE (ID,DESCRIPTION,LANGUAGE_ID,NAME,CONTENT_P_FORMAT_DECORATION_ID, CREATE_DATETIME, MODIFY_DATETIME) VALUES (4404,'E-bok i formatet EPUB levererad med HTML5','sv','EPUB (Online)', 1402, systimestamp, systimestamp);
insert into CONTENT_P_FORMAT_TEXT_BUNDLE (ID,DESCRIPTION,LANGUAGE_ID,NAME,CONTENT_P_FORMAT_DECORATION_ID, CREATE_DATETIME, MODIFY_DATETIME) VALUES (4405,'E-book in PDF distributed with license encryption','en','PDF', 1403, systimestamp, systimestamp);
insert into CONTENT_P_FORMAT_TEXT_BUNDLE (ID,DESCRIPTION,LANGUAGE_ID,NAME,CONTENT_P_FORMAT_DECORATION_ID, CREATE_DATETIME, MODIFY_DATETIME) VALUES (4406,'E-bok i formatet PDF distribuerad med licenskryptering','sv','PDF', 1403, systimestamp, systimestamp);
insert into CONTENT_P_FORMAT_TEXT_BUNDLE (ID,DESCRIPTION,LANGUAGE_ID,NAME,CONTENT_P_FORMAT_DECORATION_ID, CREATE_DATETIME, MODIFY_DATETIME) VALUES (4407,'E-book in EPUB distributed with license encryption','en','EPUB (Offline)', 1404, systimestamp, systimestamp);
insert into CONTENT_P_FORMAT_TEXT_BUNDLE (ID,DESCRIPTION,LANGUAGE_ID,NAME,CONTENT_P_FORMAT_DECORATION_ID, CREATE_DATETIME, MODIFY_DATETIME) VALUES (4408,'E-bok i formatet EPUB distribuerad med licenskryptering','sv','EPUB (Offline)', 1404, systimestamp, systimestamp);

insert into ERROR_CAUSE_ARGUMENT_VALUE (id, type, CREATE_DATETIME,MODIFY_DATETIME) VALUES (1,'BORROWER_LIMIT_REACHED', systimestamp, systimestamp);
insert into ERROR_CAUSE_ARGUMENT_VALUE (id, type, CREATE_DATETIME,MODIFY_DATETIME) VALUES (2,'INACTIVE_LOAN', systimestamp, systimestamp);
insert into ERROR_CAUSE_ARGUMENT_VALUE (id, type, CREATE_DATETIME,MODIFY_DATETIME) VALUES (3,'LIBRARY_LIMIT_REACHED', systimestamp, systimestamp);
insert into ERROR_CAUSE_ARGUMENT_VALUE (id, type, CREATE_DATETIME,MODIFY_DATETIME) VALUES (4,'MAX_NO_OF_DOWNLOADS_FOR_PRODUCT_REACHED', systimestamp, systimestamp);
insert into ERROR_CAUSE_ARGUMENT_VALUE (id, type, CREATE_DATETIME,MODIFY_DATETIME) VALUES (5,'MISSING_CONTENT_IN_LOAN', systimestamp, systimestamp);
insert into ERROR_CAUSE_ARGUMENT_VALUE (id, type, CREATE_DATETIME,MODIFY_DATETIME) VALUES (6,'PRODUCT_INACTIVE', systimestamp, systimestamp);
insert into ERROR_CAUSE_ARGUMENT_VALUE (id, type, CREATE_DATETIME,MODIFY_DATETIME) VALUES (7,'PRODUCT_UNAVAILABLE', systimestamp, systimestamp);

insert into ERROR_C_A_V_TEXT_BUNDLE (ID, ERROR_CAUSE_ARGUMENT_VALUE_ID, TEXT, LANGUAGE_ID, CREATE_DATETIME, MODIFY_DATETIME) VALUES (1001, 1, 'You have reached your limit when it comes to the number of e-media loans', 'en', systimestamp, systimestamp);
insert into ERROR_C_A_V_TEXT_BUNDLE (ID, ERROR_CAUSE_ARGUMENT_VALUE_ID, TEXT, LANGUAGE_ID, CREATE_DATETIME, MODIFY_DATETIME) VALUES (1002, 1, 'Du har n' ||CHR(229 USING NCHAR_CS)|| 'tt din gr'||CHR(228 USING NCHAR_CS)||'ns n'||CHR(228 USING NCHAR_CS)||'r det g'||CHR(228 USING NCHAR_CS)||'ller l'||CHR(229 USING NCHAR_CS)||'n av e-b'||CHR(246 USING NCHAR_CS)||'cker', 'sv', systimestamp, systimestamp);
insert into ERROR_C_A_V_TEXT_BUNDLE (ID, ERROR_CAUSE_ARGUMENT_VALUE_ID, TEXT, LANGUAGE_ID, CREATE_DATETIME, MODIFY_DATETIME) VALUES (1003, 2, 'The loan is no longer active', 'en', systimestamp, systimestamp);
insert into ERROR_C_A_V_TEXT_BUNDLE (ID, ERROR_CAUSE_ARGUMENT_VALUE_ID, TEXT, LANGUAGE_ID, CREATE_DATETIME, MODIFY_DATETIME) VALUES (1004, 2, 'L'||CHR(229 USING NCHAR_CS)||'net '||CHR(228 USING NCHAR_CS)||'r inte aktivt l'||CHR(228 USING NCHAR_CS)||'ngre', 'sv', systimestamp, systimestamp);
insert into ERROR_C_A_V_TEXT_BUNDLE (ID, ERROR_CAUSE_ARGUMENT_VALUE_ID, TEXT, LANGUAGE_ID, CREATE_DATETIME, MODIFY_DATETIME) VALUES (1005, 3, 'The library has reached its limit when it comes to the number of e-media loans', 'en', systimestamp, systimestamp);
insert into ERROR_C_A_V_TEXT_BUNDLE (ID, ERROR_CAUSE_ARGUMENT_VALUE_ID, TEXT, LANGUAGE_ID, CREATE_DATETIME, MODIFY_DATETIME) VALUES (1006, 3, 'Biblioteket har n'||CHR(229 USING NCHAR_CS)||'tt sin gr'||CHR(228 USING NCHAR_CS)||'ns n'||CHR(228 USING NCHAR_CS)||'r det g'||CHR(228 USING NCHAR_CS)||'ller l'||CHR(229 USING NCHAR_CS)||'n av e-b'||CHR(246 USING NCHAR_CS)||'cker', 'sv', systimestamp, systimestamp);
insert into ERROR_C_A_V_TEXT_BUNDLE (ID, ERROR_CAUSE_ARGUMENT_VALUE_ID, TEXT, LANGUAGE_ID, CREATE_DATETIME, MODIFY_DATETIME) VALUES (1007, 4, 'The maximum number of downloads has been reached for this book', 'en', systimestamp, systimestamp);
insert into ERROR_C_A_V_TEXT_BUNDLE (ID, ERROR_CAUSE_ARGUMENT_VALUE_ID, TEXT, LANGUAGE_ID, CREATE_DATETIME, MODIFY_DATETIME) VALUES (1008, 4, 'Max antal nedladdningar har n'||CHR(229 USING NCHAR_CS)||'tts f'||CHR(246 USING NCHAR_CS)||'r den h'||CHR(228 USING NCHAR_CS)||'r boken', 'sv', systimestamp, systimestamp);
insert into ERROR_C_A_V_TEXT_BUNDLE (ID, ERROR_CAUSE_ARGUMENT_VALUE_ID, TEXT, LANGUAGE_ID, CREATE_DATETIME, MODIFY_DATETIME) VALUES (1009, 5, 'The loan does not contain any content', 'en', systimestamp, systimestamp);
insert into ERROR_C_A_V_TEXT_BUNDLE (ID, ERROR_CAUSE_ARGUMENT_VALUE_ID, TEXT, LANGUAGE_ID, CREATE_DATETIME, MODIFY_DATETIME) VALUES (1010, 5, 'L'||CHR(229 USING NCHAR_CS)||'net saknar inneh'||CHR(229 USING NCHAR_CS)||'ll', 'sv', systimestamp, systimestamp);
insert into ERROR_C_A_V_TEXT_BUNDLE (ID, ERROR_CAUSE_ARGUMENT_VALUE_ID, TEXT, LANGUAGE_ID, CREATE_DATETIME, MODIFY_DATETIME) VALUES (1011, 6, 'The book is inactive and is therefore unavailable to loan', 'en', systimestamp, systimestamp);
insert into ERROR_C_A_V_TEXT_BUNDLE (ID, ERROR_CAUSE_ARGUMENT_VALUE_ID, TEXT, LANGUAGE_ID, CREATE_DATETIME, MODIFY_DATETIME) VALUES (1012, 6, 'Boken '||CHR(228 USING NCHAR_CS)||'r inaktiv och '||CHR(228 USING NCHAR_CS)||'r d'||CHR(228 USING NCHAR_CS)||'rf'||CHR(246 USING NCHAR_CS)||'r inte tillg'||CHR(228 USING NCHAR_CS)||'nglig f'||CHR(246 USING NCHAR_CS)||'r utl'||CHR(229 USING NCHAR_CS)||'n', 'sv', systimestamp, systimestamp);
insert into ERROR_C_A_V_TEXT_BUNDLE (ID, ERROR_CAUSE_ARGUMENT_VALUE_ID, TEXT, LANGUAGE_ID, CREATE_DATETIME, MODIFY_DATETIME) VALUES (1013, 7, 'The book is unavailable to loan when it lacks a valid business model ', 'en', systimestamp, systimestamp);
insert into ERROR_C_A_V_TEXT_BUNDLE (ID, ERROR_CAUSE_ARGUMENT_VALUE_ID, TEXT, LANGUAGE_ID, CREATE_DATETIME, MODIFY_DATETIME) VALUES (1014, 7, 'Boken '||CHR(228 USING NCHAR_CS)||'r inte tillg'||CHR(228 USING NCHAR_CS)||'nglig f'||CHR(246 USING NCHAR_CS)||'r utl'||CHR(229 USING NCHAR_CS)||'n d'||CHR(229 USING NCHAR_CS)||' den saknar en giltig aff'||CHR(228 USING NCHAR_CS)||'rsmodell', 'sv', systimestamp, systimestamp);

insert into CONTENT_PROVIDER_ALIAS (ID, CREATE_DATETIME, MODIFY_DATETIME, ALIAS, NAME) values (1, systimestamp, systimestamp, 'ELIB', 'ELIB');
insert into CONTENT_PROVIDER_ALIAS (ID, CREATE_DATETIME, MODIFY_DATETIME, ALIAS, NAME) values (2, systimestamp, systimestamp, 'ELIBU', 'ELIBU');
insert into CONTENT_PROVIDER_ALIAS (ID, CREATE_DATETIME, MODIFY_DATETIME, ALIAS, NAME) values (3, systimestamp, systimestamp, 'PUBLIT', 'PUBLIT');
insert into CONTENT_PROVIDER_ALIAS (ID, CREATE_DATETIME, MODIFY_DATETIME, ALIAS, NAME) values (4, systimestamp, systimestamp, 'ASKEWS', 'ASKEWS');
insert into CONTENT_PROVIDER_ALIAS (ID, CREATE_DATETIME, MODIFY_DATETIME, ALIAS, NAME) values (5, systimestamp, systimestamp, 'OVERDRIVE', 'OVERDRIVE');
insert into CONTENT_PROVIDER_ALIAS (ID, CREATE_DATETIME, MODIFY_DATETIME, ALIAS, NAME) values (6, systimestamp, systimestamp, 'ELIB3', 'ELIB3');

commit;
