WHENEVER SQLERROR EXIT FAILURE

insert into CONTENT_PROVIDER_NAME(NAME) values('PUBLIT');
insert into CONTENT_PROVIDER_NAME(NAME) values('ASKEWS');

insert into CONTENT_PROVIDER(id, NAME, CREATE_DATETIME, MODIFY_DATETIME) VALUES(3, 'PUBLIT', systimestamp, systimestamp);
insert into CONTENT_PROVIDER(id, NAME, CREATE_DATETIME, MODIFY_DATETIME) VALUES(4, 'ASKEWS', systimestamp, systimestamp);

insert into CONTENT_P_FORMAT_DECORATION (ID,CONTENT_DISPOSITION,FORMAT_ID,CONTENT_PROVIDER_ID,PLAYER_WIDTH,PLAYER_HEIGHT, CREATE_DATETIME, MODIFY_DATETIME) VALUES (2001,'DOWNLOADABLE','E-bok', 3, 600, 215, systimestamp, systimestamp);
insert into CONTENT_P_FORMAT_DECORATION (ID,CONTENT_DISPOSITION,FORMAT_ID,CONTENT_PROVIDER_ID,PLAYER_WIDTH,PLAYER_HEIGHT, CREATE_DATETIME, MODIFY_DATETIME) VALUES (3001,'DOWNLOADABLE','Askews1', 4, 600, 215, systimestamp, systimestamp);

insert into CONTENT_P_FORMAT_TEXT_BUNDLE (ID,DESCRIPTION,LANGUAGE,NAME,CONTENT_P_FORMAT_DECORATION_ID, CREATE_DATETIME, MODIFY_DATETIME) VALUES (5001,'Nedladdningsbar E-bok','sv','E-bok', 2001, systimestamp, systimestamp);
insert into CONTENT_P_FORMAT_TEXT_BUNDLE (ID,DESCRIPTION,LANGUAGE,NAME,CONTENT_P_FORMAT_DECORATION_ID, CREATE_DATETIME, MODIFY_DATETIME) VALUES (5002,'Downloadable E-book','en','E-book', 2001, systimestamp, systimestamp);
insert into CONTENT_P_FORMAT_TEXT_BUNDLE (ID,DESCRIPTION,LANGUAGE,NAME,CONTENT_P_FORMAT_DECORATION_ID, CREATE_DATETIME, MODIFY_DATETIME) VALUES (6001,'Downloadable E-book','en','E-book', 3001, systimestamp, systimestamp);

insert into CONTENT_PROVIDER_PROPERTY_KEY(PROPERTY_KEY) VALUES('LOAN_EXPIRATION_DAYS');

insert into CONTENT_P_CONSUMER_P_KEY(PROPERTY_KEY) VALUES('ASKEWS_AUTH_ID');
insert into CONTENT_P_CONSUMER_P_KEY(PROPERTY_KEY) VALUES('ASKEWS_TOKEN_KEY');
insert into CONTENT_P_CONSUMER_P_KEY(PROPERTY_KEY) VALUES('ASKEWS_BARCODE');

insert into CONTENT_PROVIDER_PROPERTY (CONTENT_PROVIDER_ID, PROPERTY_KEY, PROPERTY_VALUE) VALUES (3, 'PRODUCT_URL', 'http://beta.publit.se/');
insert into CONTENT_PROVIDER_PROPERTY (CONTENT_PROVIDER_ID, PROPERTY_KEY, PROPERTY_VALUE) VALUES (3, 'CREATE_LOAN_URL', 'http://beta.publit.se/');
insert into CONTENT_PROVIDER_PROPERTY (CONTENT_PROVIDER_ID, PROPERTY_KEY, PROPERTY_VALUE) VALUES (3, 'ORDER_LIST_URL', 'http://beta.publit.se/');
insert into CONTENT_PROVIDER_PROPERTY (CONTENT_PROVIDER_ID, PROPERTY_KEY, PROPERTY_VALUE) VALUES (3, 'LOAN_EXPIRATION_DAYS', '30');

insert into CONTENT_PROVIDER_PROPERTY (CONTENT_PROVIDER_ID, PROPERTY_KEY, PROPERTY_VALUE) VALUES (4, 'LOAN_EXPIRATION_DAYS', '30');

commit;